{"_step":4,"_wandb":{"runtime":164},"train_loss":1.4923606838226318,"val_loss":1.50023095703125,"_timestamp":1.7379782819949644e+09,"_runtime":138.2338876}