{"_wandb":{"runtime":417},"val_loss":1.4900035884857177,"_timestamp":1.7379780941267443e+09,"_runtime":409.4288872,"_step":13,"train_loss":1.4829733205159505}